# The Atomic mass of isotopes,
# Data taken from mass.mas20 avaliable at https://www-nds.iaea.org/amdc/,
1H,1.007825032
2H,2.014101778
3H,3.016049281
3He,3.016029322
3Li,3.030775
4H,4.026431867
4He,4.002603254
4Li,4.027185561
5H,5.035311492
5He,5.012057224
5Li,5.0125378
5Be,5.03987
6H,6.044955437
6He,6.018885889
6Li,6.015122887
6Be,6.019726409
6B,6.0508
7H,7.052749
7He,7.027990652
7Li,7.016003434
7Be,7.016928714
7B,7.029712
8He,8.033934388
8Li,8.022486244
8Be,8.005305102
8B,8.024607315
8C,8.037643039
9He,9.043946414
9Li,9.026790191
9Be,9.012183062
9B,9.013329645
9C,9.031037202
10He,10.05281531
10Li,10.03548345
10Be,10.01353469
10B,10.01293686
10C,10.01685322
10N,10.04165354
11Li,11.04372358
11Be,11.02166108
11B,11.00930517
11C,11.0114326
11N,11.02615759
11O,11.05124983
12Li,12.05261394
12Be,12.02692208
12B,12.01435264
12C,12
12N,12.01861318
12O,12.03436773
13Li,13.0611715
13Be,13.03613451
13B,13.01777998
13C,13.00335484
13N,13.00573861
13O,13.02481544
13F,13.045121
14Be,14.04289292
14B,14.02540401
14C,14.00324199
14N,14.003074
14O,14.00859671
14F,14.0343152
15Be,15.05349022
15B,15.03108702
15C,15.01059926
15N,15.0001089
15O,15.00306564
15F,15.01778514
15Ne,15.04317298
16Be,16.06167204
16B,16.03984105
16C,16.01470126
16N,16.00610193
16O,15.99491462
16F,16.01146028
16Ne,16.02575086
17B,17.0469314
17C,17.02257865
17N,17.00844888
17O,16.99913176
17F,17.00209524
17Ne,17.01771396
17Na,17.037273
18B,18.05560168
18C,18.02675193
18N,18.01407756
18O,17.99915961
18F,18.00093732
18Ne,18.0057087
18Na,18.02687939
19B,19.064166
19C,19.03479759
19N,19.01702239
19O,19.00357797
19F,18.99840316
19Ne,19.00188091
19Na,19.01388026
19Mg,19.03417992
20B,20.07450564
20C,20.04026173
20N,20.0233673
20O,20.00407536
20F,19.99998125
20Ne,19.99244018
20Na,20.0073543
20Mg,20.01876308
21B,21.08414749
21C,21.049
21N,21.02708757
21O,21.00865495
21F,20.99994889
21Ne,20.99384669
21Na,20.99765446
21Mg,21.01170576
21Al,21.029082
22C,22.05755399
22N,22.03410092
22O,22.00996574
22F,22.00299881
22Ne,21.99138511
22Na,21.99443755
22Mg,21.9995706
22Al,22.01954
22Si,22.036114
23C,23.06889
23N,23.039421
23O,23.01569669
23F,23.00352688
23Ne,22.99446691
23Na,22.98976928
23Mg,22.99412377
23Al,23.00724435
23Si,23.025711
24N,24.05039
24O,24.019861
24F,24.00809937
24Ne,23.99361065
24Na,23.99096301
24Mg,23.98504169
24Al,23.9999476
24Si,24.01153543
24P,24.036522
25N,25.0601
25O,25.02933892
25F,25.01216773
25Ne,24.9978148
25Na,24.98995397
25Mg,24.98583697
25Al,24.99042831
25Si,25.0041088
25P,25.021675
26O,26.03721016
26F,26.02004807
26Ne,26.0005165
26Na,25.99263465
26Mg,25.98259297
26Al,25.98689188
26Si,25.99233382
26P,26.01178
26S,26.029716
27O,27.047955
27F,27.0269819
27Ne,27.00756946
27Na,26.99407641
27Mg,26.98434065
27Al,26.98153841
27Si,26.98670469
27P,26.9992925
27S,27.018777
28O,28.05591
28F,28.03586045
28Ne,28.01213077
28Na,27.998939
28Mg,27.98387543
28Al,27.98191001
28Si,27.97692653
28P,27.99232646
28S,28.00437276
28Cl,28.030349
29F,29.043103
29Ne,29.019753
29Na,29.00287709
29Mg,28.98860716
29Al,28.98045316
29Si,28.97649466
29P,28.98180037
29S,28.996678
29Cl,29.015053
29Ar,29.040761
30F,30.052561
30Ne,30.02499224
30Na,30.00909793
30Mg,29.99046545
30Al,29.98296917
30Si,29.97377014
30P,29.97831349
30S,29.98490677
30Cl,30.00501833
30Ar,30.023694
31F,31.061023
31Ne,31.03347482
31Na,31.01314665
31Mg,30.99664823
31Al,30.98394975
31Si,30.9753632
31P,30.973762
31S,30.979557
31Cl,30.9924481
31Ar,31.012158
31K,31.03678
32Ne,32.03972
32Na,32.02001102
32Mg,31.99911014
32Al,31.98808434
32Si,31.97415154
32P,31.97390764
32S,31.97207117
32Cl,31.98568461
32Ar,31.99763782
32K,32.023607
33Ne,33.049523
33Na,33.025529
33Mg,33.00532786
33Al,32.99087769
33Si,32.97797696
33P,32.97172569
33S,32.97145891
33Cl,32.97745199
33Ar,32.98992555
33K,33.008095
33Ca,33.033312
34Ne,34.056728
34Na,34.03401
34Mg,34.00893546
34Al,33.99678192
34Si,33.97853805
34P,33.97364589
34S,33.96786701
34Cl,33.97376249
34Ar,33.98027009
34K,33.99869
34Ca,34.015985
35Na,35.040614
35Mg,35.01679
35Al,34.99975982
35Si,34.98455011
35P,34.97331405
35S,34.96903232
35Cl,34.96885269
35Ar,34.97525772
35K,34.98800541
35Ca,35.005572
35Sc,35.029093
36Na,36.049279
36Mg,36.021879
36Al,36.006388
36Si,35.98664927
36P,35.97825961
36S,35.96708069
36Cl,35.96830682
36Ar,35.96754511
36K,35.98130189
36Ca,35.99307439
36Sc,36.017338
37Na,37.057042
37Mg,37.03028627
37Al,37.010531
37Si,36.99294519
37P,36.97960694
37S,36.9711255
37Cl,36.96590257
37Ar,36.9667763
37K,36.97337589
37Ca,36.98589785
37Sc,37.004058
37Ti,37.027021
38Na,38.066458
38Mg,38.03658
38Al,38.017681
38Si,37.995523
38P,37.98430311
38S,37.9711633
38Cl,37.96801041
38Ar,37.9627321
38K,37.96908111
38Ca,37.97631922
38Sc,37.995438
38Ti,38.012206
39Na,39.075123
39Mg,39.045921
39Al,39.02307
39Si,39.002491
39P,38.98628587
39S,38.97513385
39Cl,38.96800815
39Ar,38.96431304
39K,38.96370648
39Ca,38.97071081
39Sc,38.98478495
39Ti,39.002684
39V,39.02423
40Mg,40.053194
40Al,40.03094
40Si,40.00608364
40P,39.99126222
40S,39.97548256
40Cl,39.97041547
40Ar,39.96238312
40K,39.96399817
40Ca,39.96259085
40Sc,39.97796728
40Ti,39.99034515
40V,40.013387
41Mg,41.062373
41Al,41.037134
41Si,41.014171
41P,40.994654
41S,40.97959345
41Cl,40.97068453
41Ar,40.96450057
41K,40.96182526
41Ca,40.96227791
41Sc,40.96925116
41Ti,40.983148
41V,41.000333
41Cr,41.021911
42Al,42.045078
42Si,42.018078
42P,42.00117214
42S,41.9810651
42Cl,41.973342
42Ar,41.96304574
42K,41.96240231
42Ca,41.95861778
42Sc,41.96551669
42Ti,41.97304937
42V,41.99182
42Cr,42.007579
43Al,43.05182
43Si,43.026119
43P,43.005411
43S,42.98690764
43Cl,42.9740637
43Ar,42.96563606
43K,42.9607347
43Ca,42.95876638
43Sc,42.96115043
43Ti,42.96852842
43V,42.980766
43Cr,42.997885
43Mn,43.018647
44Si,44.031466
44P,44.011927
44S,43.99011885
44Cl,43.97801492
44Ar,43.96492381
44K,43.96158698
44Ca,43.95548149
44Sc,43.95940282
44Ti,43.95968994
44V,43.97444098
44Cr,43.985591
44Mn,44.008009
45Si,45.039818
45P,45.017134
45S,44.996414
45Cl,44.98039435
45Ar,44.96803973
45K,44.96069149
45Ca,44.95618627
45Sc,44.95590705
45Ti,44.95812076
45V,44.9657685
45Cr,44.97905
45Mn,44.994654
45Fe,45.015467
46P,46.02452
46S,46.000687
46Cl,45.98525493
46Ar,45.96803924
46K,45.96198158
46Ca,45.95368773
46Sc,45.95516703
46Ti,45.95262636
46V,45.96019739
46Cr,45.96836097
46Mn,45.986669
46Fe,46.001299
47P,47.030929
47S,47.00773
47Cl,46.989715
47Ar,46.97276711
47K,46.96166161
47Ca,46.95454113
47Sc,46.95240244
47Ti,46.95175749
47V,46.95490356
47Cr,46.962895
47Mn,46.975774
47Fe,46.992346
47Co,47.011401
48S,48.013301
48Cl,47.995405
48Ar,47.976001
48K,47.96534118
48Ca,47.95252265
48Sc,47.9522229
48Ti,47.94794068
48V,47.9522509
48Cr,47.95402943
48Mn,47.96854876
48Fe,47.980667
48Co,48.001857
48Ni,48.019515
49S,49.021891
49Cl,49.000794
49Ar,48.981685
49K,48.96821075
49Ca,48.95566263
49Sc,48.95001316
49Ti,48.94786439
49V,48.94851051
49Cr,48.95133372
49Mn,48.95961335
49Fe,48.973429
49Co,48.989501
49Ni,49.009157
50Cl,50.008266
50Ar,49.985797
50K,49.97238002
50Ca,49.95749922
50Sc,49.95218744
50Ti,49.94478562
50V,49.94715668
50Cr,49.94604221
50Mn,49.95423816
50Fe,49.962988
50Co,49.981117
50Ni,49.996286
51Cl,51.015341
51Ar,50.993033
51K,50.97582866
51Ca,50.96099566
51Sc,50.95356884
51Ti,50.94660947
51V,50.94395766
51Cr,50.94476539
51Mn,50.94820877
51Fe,50.95685514
51Co,50.970647
51Ni,50.987493
52Cl,52.024004
52Ar,51.998519
52K,51.981602
52Ca,51.96321365
52Sc,51.95649617
52Ti,51.94688351
52V,51.94477364
52Cr,51.94050471
52Mn,51.94555909
52Fe,51.94811336
52Co,51.96313022
52Ni,51.975781
52Cu,51.997982
53Ar,53.00729
53K,52.9868
53Ca,52.968451
53Sc,52.95837917
53Ti,52.94967071
53V,52.94433494
53Cr,52.9406463
53Mn,52.9412875
53Fe,52.94530563
53Co,52.95420328
53Ni,52.96819
53Cu,52.985894
54Ar,54.013484
54K,53.994471
54Ca,53.972989
54Sc,53.96302936
54Ti,53.950892
54V,53.94643201
54Cr,53.93887736
54Mn,53.94035577
54Fe,53.93960819
54Co,53.94845908
54Ni,53.957833
54Cu,53.977198
54Zn,53.993879
55K,55.000505
55Ca,54.979978
55Sc,54.96688964
55Ti,54.955091
55V,54.947262
55Cr,54.94083664
55Mn,54.93804304
55Fe,54.93829116
55Co,54.94199642
55Ni,54.95132985
55Cu,54.966038
55Zn,54.984681
56K,56.008567
56Ca,55.985496
56Sc,55.97260761
56Ti,55.95767768
56V,55.95042008
56Cr,55.94064898
56Mn,55.93890282
56Fe,55.93493554
56Co,55.93983803
56Ni,55.94212776
56Cu,55.95852928
56Zn,55.972743
56Ga,55.995878
57K,57.015169
57Ca,56.992958
57Sc,56.977048
57Ti,56.9630681
57V,56.952297
57Cr,56.94361211
57Mn,56.93828594
57Fe,56.93539195
57Co,56.93628982
57Ni,56.93979139
57Cu,56.94921169
57Zn,56.965056
57Ga,56.983457
58K,58.023543
58Ca,57.998357
58Sc,57.983382
58Ti,57.96680852
58V,57.95659599
58Cr,57.9441845
58Mn,57.94006664
58Fe,57.93327358
58Co,57.93575129
58Ni,57.93534165
58Cu,57.94453228
58Zn,57.9545903
58Ga,57.974729
58Ge,57.991863
59K,59.030864
59Ca,59.006237
59Sc,58.988374
59Ti,58.972217
59V,58.95962334
59Cr,58.94834543
59Mn,58.94039111
59Fe,58.93487349
59Co,58.93319352
59Ni,58.93434544
59Cu,58.93949671
59Zn,58.94931189
59Ga,58.963757
59Ge,58.982426
60Ca,60.011809
60Sc,59.995115
60Ti,59.976275
60V,59.96447922
60Cr,59.94964166
60Mn,59.94313657
60Fe,59.93407025
60Co,59.93381554
60Ni,59.93078513
60Cu,59.93736379
60Zn,59.94184132
60Ga,59.957498
60Ge,59.970445
60As,59.993945
61Ca,61.020408
61Sc,61.000537
61Ti,60.982426
61V,60.96760353
61Cr,60.95437813
61Mn,60.94445254
61Fe,60.93674624
61Co,60.93247603
61Ni,60.93105482
61Cu,60.93345738
61Zn,60.93950696
61Ga,60.94939886
61Ge,60.963725
61As,60.981535
62Sc,62.007848
62Ti,61.986903
62V,61.97293256
62Cr,61.95614292
62Mn,61.94790738
62Fe,61.93679181
62Co,61.9340582
62Ni,61.92834475
62Cu,61.9325948
62Zn,61.93433336
62Ga,61.94418964
62Ge,61.954761
62As,61.973784
63Sc,63.014031
63Ti,62.993709
63V,62.976661
63Cr,62.961161
63Mn,62.94966467
63Fe,62.9402727
63Co,62.93359963
63Ni,62.92966902
63Cu,62.92959712
63Zn,62.93321114
63Ga,62.93929419
63Ge,62.949628
63As,62.964036
63Se,62.981911
64Ti,63.998411
64V,63.98248
64Cr,63.963886
64Mn,63.95384937
64Fe,63.94098776
64Co,63.93581018
64Ni,63.92796623
64Cu,63.929764
64Zn,63.92914178
64Ga,63.93684037
64Ge,63.94168991
64As,63.95756
64Se,63.971165
65Ti,65.005593
65V,64.986999
65Cr,64.969608
65Mn,64.95601975
65Fe,64.94501532
65Co,64.93646207
65Ni,64.93008459
65Cu,64.92778948
65Zn,64.92924053
65Ga,64.93273442
65Ge,64.93936814
65As,64.949611
65Se,64.964552
65Br,64.982297
66V,65.993237
66Cr,65.973011
66Mn,65.96054683
66Fe,65.94624996
66Co,65.93944294
66Ni,65.92913933
66Cu,65.9288688
66Zn,65.92603364
66Ga,65.93158977
66Ge,65.93386212
66As,65.94414878
66Se,65.955276
66Br,65.974697
67V,66.998128
67Cr,66.979313
67Mn,66.96395
67Fe,66.95093
67Co,66.94060963
67Ni,66.93156941
67Cu,66.92772949
67Zn,66.92712742
67Ga,66.92820228
67Ge,66.932717
67As,66.93925111
67Se,66.949994
67Br,66.965078
67Kr,66.983305
68Cr,67.983156
68Mn,67.968953
68Fe,67.952875
68Co,67.9445594
68Ni,67.93186879
68Cu,67.92961089
68Zn,67.92484423
68Ga,67.92798016
68Ge,67.92809531
68As,67.93677413
68Se,67.94182524
68Br,67.958356
68Kr,67.972489
69Cr,68.989662
69Mn,68.972775
69Fe,68.957918
69Co,68.945909
69Ni,68.93561027
69Cu,68.92942927
69Zn,68.92655036
69Ga,68.92557353
69Ge,68.92796447
69As,68.93224629
69Se,68.93941485
69Br,68.95033841
69Kr,68.965496
70Cr,69.993945
70Mn,69.978046
70Fe,69.960397
70Co,69.9500534
70Ni,69.9364313
70Cu,69.93239208
70Zn,69.92531918
70Ga,69.92602191
70Ge,69.92424854
70As,69.93093464
70Se,69.93351552
70Br,69.94479232
70Kr,69.955877
71Mn,70.982158
71Fe,70.965722
71Co,70.95236692
71Ni,70.94051896
71Cu,70.93267683
71Zn,70.92771958
71Ga,70.92470255
71Ge,70.92495212
71As,70.92711359
71Se,70.93220943
71Br,70.93934215
71Kr,70.9502657
71Rb,70.965335
72Mn,71.988009
72Fe,71.968599
72Co,71.956736
72Ni,71.94178592
72Cu,71.93582031
72Zn,71.92684281
72Ga,71.92636745
72Ge,71.92207582
72As,71.92675229
72Se,71.92714051
72Br,71.93659461
72Kr,71.94209241
72Rb,71.958851
73Mn,72.992807
73Fe,72.974246
73Co,72.959238
73Ni,72.94620668
73Cu,72.93667438
73Zn,72.92958258
73Ga,72.92517468
73Ge,72.92345895
73As,72.92382909
73Se,72.92675488
73Br,72.93167344
73Kr,72.93928919
73Rb,72.95060451
73Sr,72.9657
74Fe,73.977821
74Co,73.963993
74Ni,73.947718
74Cu,73.93987486
74Zn,73.92940726
74Ga,73.92694573
74Ge,73.92117776
74As,73.9239286
74Se,73.92247593
74Br,73.92991028
74Kr,73.93308402
74Rb,73.94426587
74Sr,73.95617
75Fe,74.984219
75Co,74.967192
75Ni,74.952506
75Cu,74.94152382
75Zn,74.93284024
75Ga,74.92650448
75Ge,74.92285837
75As,74.92159456
75Se,74.92252287
75Br,74.92581057
75Kr,74.93094574
75Rb,74.9385732
75Sr,74.94995277
75Y,74.96584
76Fe,75.988631
76Co,75.972453
76Ni,75.954707
76Cu,75.94526897
76Zn,75.93311496
76Ga,75.92882762
76Ge,75.92140273
76As,75.92239201
76Se,75.9192137
76Br,75.92454157
76Kr,75.92591074
76Rb,75.93507303
76Sr,75.94176276
76Y,75.958937
77Co,76.976479
77Ni,76.959903
77Cu,76.9475436
77Zn,76.9368872
77Ga,76.9291543
77Ge,76.92354984
77As,76.92064756
77Se,76.91991415
77Br,76.92137919
77Kr,76.92467
77Rb,76.9304016
77Sr,76.93794545
77Y,76.950146
77Zr,76.966076
78Co,77.983553
78Ni,77.962555
78Cu,77.95191652
78Zn,77.9382892
78Ga,77.93161085
78Ge,77.92285291
78As,77.92182777
78Se,77.91730924
78Br,77.92114586
78Kr,77.92036634
78Rb,77.92814187
78Sr,77.93217998
78Y,77.94399
78Zr,77.956146
79Ni,78.969769
79Cu,78.9544731
79Zn,78.94263807
79Ga,78.93285158
79Ge,78.92535951
79As,78.92094842
79Se,78.91849925
79Br,78.91833757
79Kr,78.92008292
79Rb,78.9239901
79Sr,78.92970469
79Y,78.937946
79Zr,78.94979
79Nb,78.966022
80Ni,79.975051
80Cu,79.960623
80Zn,79.94455293
80Ga,79.93642077
80Ge,79.92535077
80As,79.92247444
80Se,79.91652176
80Br,79.91852978
80Kr,79.91637794
80Rb,79.92251644
80Sr,79.92451754
80Y,79.93435475
80Zr,79.941213
80Nb,79.958754
81Ni,80.982727
81Cu,80.965743
81Zn,80.95040262
81Ga,80.93813384
81Ge,80.92883294
81As,80.92213229
81Se,80.91799302
81Br,80.9162882
81Kr,80.9165897
81Rb,80.9189939
81Sr,80.92321139
81Y,80.92945428
81Zr,80.938245
81Nb,80.95023
81Mo,80.966226
82Ni,81.988492
82Cu,81.972378
82Zn,81.9545741
82Ga,81.94317653
82Ge,81.92977403
82As,81.92473873
82Se,81.91669953
82Br,81.91680175
82Kr,81.91348115
82Rb,81.91820902
82Sr,81.91839985
82Y,81.92693019
82Zr,81.9317075
82Nb,81.94438
82Mo,81.956661
83Cu,82.97811
83Zn,82.961041
83Ga,82.9471203
83Ge,82.9345391
83As,82.9252069
83Se,82.9191186
83Br,82.91517529
83Kr,82.91412652
83Rb,82.91511418
83Sr,82.91755437
83Y,82.92248403
83Zr,82.92924093
83Nb,82.93815
83Mo,82.950252
83Tc,82.966377
84Cu,83.985271
84Zn,83.965829
84Ga,83.952663
84Ge,83.93757509
84As,83.92930329
84Se,83.91846676
84Br,83.91649642
84Kr,83.91149773
84Rb,83.91437522
84Sr,83.91341912
84Y,83.92067106
84Zr,83.92332566
84Nb,83.93430571
84Mo,83.941846
84Tc,83.959527
85Zn,84.973054
85Ga,84.957333
85Ge,84.94296966
85As,84.93216366
85Se,84.92226076
85Br,84.91564576
85Kr,84.91252726
85Rb,84.91178974
85Sr,84.91293204
85Y,84.91643304
85Zr,84.9214432
85Nb,84.92884584
85Mo,84.93826074
85Tc,84.950778
85Ru,84.967117
86Zn,85.978463
86Ga,85.963757
86Ge,85.946967
86As,85.93670153
86Se,85.92431173
86Br,85.91880543
86Kr,85.91061062
86Rb,85.91116744
86Sr,85.90926072
86Y,85.9148861
86Zr,85.91629681
86Nb,85.92578154
86Mo,85.93117409
86Tc,85.944637
86Ru,85.957305
87Ga,86.969007
87Ge,86.953204
87As,86.94029172
87Se,86.92868862
87Br,86.92067402
87Kr,86.91335476
87Rb,86.90918053
87Sr,86.90887749
87Y,86.9108761
87Zr,86.91481734
87Nb,86.92069247
87Mo,86.9281962
87Tc,86.93806719
87Ru,86.950907
88Ga,87.975963
88Ge,87.957574
88As,87.94584
88Se,87.93141749
88Br,87.92408329
88Kr,87.91444788
88Rb,87.91131559
88Sr,87.90561225
88Y,87.90950127
88Zr,87.91022072
88Nb,87.91822648
88Mo,87.92196778
88Tc,87.93379421
88Ru,87.941664
88Rh,87.960429
89Ge,88.96453
89As,88.950048
89Se,88.93666906
89Br,88.92670456
89Kr,88.91783545
89Rb,88.91227814
89Sr,88.90745081
89Y,88.90583816
89Zr,88.90887975
89Nb,88.9134447
89Mo,88.91946815
89Tc,88.92764865
89Ru,88.93733785
89Rh,88.950992
90Ge,89.969436
90As,89.955995
90Se,89.940096
90Br,89.93129285
90Kr,89.91952793
90Rb,89.91479756
90Sr,89.90772787
90Y,89.90714175
90Zr,89.90469876
90Nb,89.9112592
90Mo,89.91393127
90Tc,89.92407392
90Ru,89.93034438
90Rh,89.944569
90Pd,89.95737
91As,90.960816
91Se,90.9457
91Br,90.93439862
91Kr,90.92380631
91Rb,90.91653726
91Sr,90.91019594
91Y,90.90729805
91Zr,90.90564021
91Nb,90.90699026
91Mo,90.91174519
91Tc,90.91842497
91Ru,90.92674153
91Rh,90.937123
91Pd,90.950435
92As,91.967386
92Se,91.94984
92Br,91.9396316
92Kr,91.92617309
92Rb,91.91972848
92Sr,91.91103822
92Y,91.90894575
92Zr,91.90503534
92Nb,91.90718858
92Mo,91.90680715
92Tc,91.91526978
92Ru,91.92023437
92Rh,91.93236769
92Pd,91.94119223
92Ag,91.95971
93Se,92.956135
93Br,92.94322
93Kr,92.93114717
93Rb,92.92203933
93Sr,92.91402431
93Y,92.90957843
93Zr,92.90647066
93Nb,92.90637317
93Mo,92.90680877
93Tc,92.91024515
93Ru,92.91710444
93Rh,92.92591278
93Pd,92.93668043
93Ag,92.950188
94Se,93.96049
94Br,93.948846
94Kr,93.93414045
94Rb,93.92639482
94Sr,93.91535564
94Y,93.91159206
94Zr,93.90631252
94Nb,93.907279
94Mo,93.90508359
94Tc,93.90965232
94Ru,93.91134286
94Rh,93.92173045
94Pd,93.92903629
94Ag,93.943744
94Cd,93.956586
95Se,94.9673
95Br,94.952925
95Kr,94.93971092
95Rb,94.92926385
95Sr,94.91935828
95Y,94.9128197
95Zr,94.90804028
95Nb,94.90683111
95Mo,94.90583744
95Tc,94.90765228
95Ru,94.91040442
95Rh,94.91589789
95Pd,94.92488851
95Ag,94.935688
95Cd,94.949483
96Br,95.95898
96Kr,95.94301447
96Rb,95.9341334
96Sr,95.92171905
96Y,95.91590931
96Zr,95.90827762
96Nb,95.90810159
96Mo,95.90467477
96Tc,95.90786668
96Ru,95.90758891
96Rh,95.91445171
96Pd,95.91821374
96Ag,95.9307439
96Cd,95.940341
96In,95.959109
97Br,96.963499
97Kr,96.94908878
97Rb,96.93717712
97Sr,96.92637562
97Y,96.9182867
97Zr,96.9109638
97Nb,96.90810162
97Mo,96.9060169
97Tc,96.90636072
97Ru,96.90754578
97Rh,96.91132787
97Pd,96.91647199
97Ag,96.9238814
97Cd,96.93479934
97In,96.949125
98Br,97.969887
98Kr,97.952635
98Rb,97.94163232
98Sr,97.92869264
98Y,97.92239484
98Zr,97.91274045
98Nb,97.91033265
98Mo,97.90540361
98Tc,97.90721121
98Ru,97.90528671
98Rh,97.91070773
98Pd,97.91269834
98Ag,97.92155997
98Cd,97.92738932
98In,97.942129
99Kr,98.958776
99Rb,98.94511919
99Sr,98.9328836
99Y,98.92416084
99Zr,98.91667508
99Nb,98.91160938
99Mo,98.9077073
99Tc,98.90624968
99Ru,98.90593028
99Rh,98.90812124
99Pd,98.91177307
99Ag,98.91764577
99Cd,98.92492585
99In,98.93411
99Sn,98.948495
100Kr,99.962995
100Rb,99.95033153
100Sr,99.93578327
100Y,99.92772768
100Zr,99.9180105
100Nb,99.91434058
100Mo,99.90746798
100Tc,99.90765272
100Ru,99.90421046
100Rh,99.90811415
100Pd,99.90852044
100Ag,99.91611544
100Cd,99.92034883
100In,99.93110193
100Sn,99.93864894
101Kr,100.969318
101Rb,100.954302
101Sr,100.9406063
101Y,100.9301608
101Zr,100.9214585
101Nb,100.9153065
101Mo,100.9103376
101Tc,100.9073053
101Ru,100.9055731
101Rh,100.9061589
101Pd,100.9082848
101Ag,100.912684
101Cd,100.9185862
101In,100.926414
101Sn,100.9352593
102Rb,101.960008
102Sr,101.9440047
102Y,101.9343285
102Zr,101.9231542
102Nb,101.9180904
102Mo,101.9102937
102Tc,101.9092072
102Ru,101.9043403
102Rh,101.9068343
102Pd,101.9056323
102Ag,101.9117045
102Cd,101.9144818
102In,101.9241059
102Sn,101.9302895
102Sb,101.945142
103Rb,102.964401
103Sr,102.949243
103Y,102.9372438
103Zr,102.9272041
103Nb,102.9194534
103Mo,102.913092
103Tc,102.909174
103Ru,102.9063148
103Rh,102.9054941
103Pd,102.9061111
103Ag,102.9089606
103Cd,102.9134169
103In,102.9198788
103Sn,102.927973
103Sb,102.939162
104Rb,103.970531
104Sr,103.953022
104Y,103.941943
104Zr,103.9294492
104Nb,103.9229077
104Mo,103.9137474
104Tc,103.9114337
104Ru,103.9054253
104Rh,103.9066453
104Pd,103.9040304
104Ag,103.9086237
104Cd,103.9098562
104In,103.9182145
104Sn,103.9231052
104Sb,103.936344
104Te,103.9467234
105Sr,104.959001
105Y,104.945711
105Zr,104.9340218
105Nb,104.9249426
105Mo,104.916982
105Tc,104.911662
105Ru,104.9077455
105Rh,104.9056878
105Pd,104.9050795
105Ag,104.9065256
105Cd,104.9094639
105In,104.9145023
105Sn,104.9212684
105Sb,104.9312765
105Te,104.9433045
106Sr,105.963177
106Y,105.950842
106Zr,105.93693
106Nb,105.9289285
106Mo,105.9182732
106Tc,105.9143567
106Ru,105.9073282
106Rh,105.9072859
106Pd,105.9034803
106Ag,105.9066635
106Cd,105.9064598
106In,105.9134636
106Sn,105.9169574
106Sb,105.928638
106Te,105.9374985
106I,105.953516
107Sr,106.969672
107Y,106.954943
107Zr,106.942007
107Nb,106.9315897
107Mo,106.9221198
107Tc,106.9154584
107Ru,106.9099698
107Rh,106.906748
107Pd,106.9051281
107Ag,106.9050915
107Cd,106.906612
107In,106.9102875
107Sn,106.9157136
107Sb,106.9241506
107Te,106.934882
107I,106.946935
108Y,107.960515
108Zr,107.945303
108Nb,107.9360756
108Mo,107.9240475
108Tc,107.9184935
108Ru,107.9101858
108Rh,107.9087153
108Pd,107.9038918
108Ag,107.9059502
108Cd,107.9041836
108In,107.9096937
108Sn,107.9118943
108Sb,107.9222267
108Te,107.9293805
108I,107.943348
108Xe,107.9542323
109Y,108.965131
109Zr,108.950907
109Nb,108.939141
109Mo,108.9284383
109Tc,108.9202541
109Ru,108.9133237
109Rh,108.9087496
109Pd,108.9059506
109Ag,108.9047558
109Cd,108.9049867
109In,108.9071497
109Sn,108.9112929
109Sb,108.9181412
109Te,108.9273045
109I,108.938086
109Xe,108.950435
110Zr,109.954675
110Nb,109.943843
110Mo,109.930718
110Tc,109.9237413
110Ru,109.9140385
110Rh,109.9110797
110Pd,109.9051729
110Ag,109.9061107
110Cd,109.9030075
110In,109.9071707
110Sn,109.9078448
110Sb,109.9168543
110Te,109.9224581
110I,109.9350851
110Xe,109.9442588
111Zr,110.960837
111Nb,110.947439
111Mo,110.935652
111Tc,110.925899
111Ru,110.9175676
111Rh,110.9116432
111Pd,110.9076904
111Ag,110.9052968
111Cd,110.9041838
111In,110.9051072
111Sn,110.9077411
111Sb,110.9132182
111Te,110.9210006
111I,110.9302692
111Xe,110.94147
111Cs,110.953945
112Zr,111.965196
112Nb,111.952689
112Mo,111.938293
112Tc,111.9299417
112Ru,111.9188069
112Rh,111.9144052
112Pd,111.9073306
112Ag,111.9070485
112Cd,111.9027639
112In,111.9055387
112Sn,111.9048249
112Sb,111.9123999
112Te,111.9167278
112I,111.9280045
112Xe,111.9355591
112Cs,111.950172
113Zr,112.971723
113Nb,112.956833
113Mo,112.943478
113Tc,112.932569
113Ru,112.9228467
113Rh,112.9154402
113Pd,112.9102619
113Ag,112.9065729
113Cd,112.9044081
113In,112.9040605
113Sn,112.9051759
113Sb,112.9093747
113Te,112.915891
113I,112.9236501
113Xe,112.9332217
113Cs,112.9444285
113Ba,112.95737
114Nb,113.962469
114Mo,113.946666
114Tc,113.93709
114Ru,113.9246144
114Rh,113.9187217
114Pd,113.9103694
114Ag,113.908823
114Cd,113.903365
114In,113.9049164
114Sn,113.9027801
114Sb,113.9092892
114Te,113.9120878
114I,113.9220189
114Xe,113.9279803
114Cs,113.9412922
114Ba,113.9507185
115Nb,114.966849
115Mo,114.952174
115Tc,114.9401
115Ru,114.929033
115Rh,114.9203116
115Pd,114.9136593
115Ag,114.9087674
115Cd,114.9054374
115In,114.9038788
115Sn,114.9033447
115Sb,114.906598
115Te,114.911902
115I,114.918048
115Xe,114.9262939
115Cs,114.93591
115Ba,114.947482
116Nb,115.972914
116Mo,115.955759
116Tc,115.94502
116Ru,115.9312192
116Rh,115.9240621
116Pd,115.9142979
116Ag,115.9113868
116Cd,115.9047632
116In,115.90526
116Sn,115.9017428
116Sb,115.9067927
116Te,115.9084656
116I,115.9168855
116Xe,115.921581
116Cs,115.933395
116Ba,115.941621
116La,115.957005
117Mo,116.961686
117Tc,116.94832
117Ru,116.936135
117Rh,116.9260363
117Pd,116.9179556
117Ag,116.9117741
117Cd,116.907226
117In,116.9045157
117Sn,116.902954
117Sb,116.9048415
117Te,116.9086462
117I,116.9136456
117Xe,116.9203588
117Cs,116.9286167
117Ba,116.9383164
117La,116.950326
118Mo,117.965249
118Tc,117.953526
118Ru,117.938808
118Rh,117.9303411
118Pd,117.9190673
118Ag,117.9145955
118Cd,117.906922
118In,117.9063567
118Sn,117.9016066
118Sb,117.9055322
118Te,117.9058601
118I,117.913074
118Xe,117.9161787
118Cs,117.9265595
118Ba,117.933226
118La,117.946731
119Mo,118.971465
119Tc,118.956876
119Ru,118.94409
119Rh,118.932557
119Pd,118.9233411
119Ag,118.9155703
119Cd,118.9098471
119In,118.9058516
119Sn,118.9033113
119Sb,118.9039441
119Te,118.9064057
119I,118.9100609
119Xe,118.9154106
119Cs,118.9223773
119Ba,118.9306597
119La,118.940934
119Ce,118.952957
120Tc,119.962426
120Ru,119.946623
120Rh,119.937069
120Pd,119.9245517
120Ag,119.9187848
120Cd,119.9098681
120In,119.9079675
120Sn,119.9022026
120Sb,119.9050803
120Te,119.9040658
120I,119.9100937
120Xe,119.9117843
120Cs,119.9206773
120Ba,119.926045
120La,119.938196
120Ce,119.946613
121Tc,120.96614
121Ru,120.952098
121Rh,120.939613
121Pd,120.9289503
121Ag,120.9201253
121Cd,120.9129637
121In,120.9078528
121Sn,120.9042435
121Sb,120.9038114
121Te,120.9049451
121I,120.9074115
121Xe,120.911453
121Cs,120.9172272
121Ba,120.9240523
121La,120.933236
121Ce,120.943435
121Pr,120.955393
122Tc,121.97176
122Ru,121.955147
122Rh,121.944305
122Pd,121.9306317
122Ag,121.9236644
122Cd,121.9134591
122In,121.9102825
122Sn,121.9034455
122Sb,121.9051693
122Te,121.9030447
122I,121.9075901
122Xe,121.9083677
122Cs,121.9161081
122Ba,121.919904
122La,121.93071
122Ce,121.93787
122Pr,121.951927
123Ru,122.960762
123Rh,122.947192
123Pd,122.935126
123Ag,122.9253151
123Cd,122.9168925
123In,122.9104353
123Sn,122.9057271
123Sb,122.9042153
123Te,122.904271
123I,122.9055898
123Xe,122.9084822
123Cs,122.9129961
123Ba,122.9187811
123La,122.9263
123Ce,122.93528
123Pr,122.946076
124Ru,123.96394
124Rh,123.952002
124Pd,123.937305
124Ag,123.9288992
124Cd,123.9176598
124In,123.9131849
124Sn,123.9052796
124Sb,123.9059371
124Te,123.9028183
124I,123.9062103
124Xe,123.9058852
124Cs,123.9122474
124Ba,123.9150936
124La,123.9245743
124Ce,123.93031
124Pr,123.94294
124Nd,123.951873
125Ru,124.969544
125Rh,124.955094
125Pd,124.942072
125Ag,124.930735
125Cd,124.9212576
125In,124.9136738
125Sn,124.9077894
125Sb,124.9052543
125Te,124.9044312
125I,124.9046306
125Xe,124.9063876
125Cs,124.909726
125Ba,124.9144718
125La,124.9208159
125Ce,124.92844
125Pr,124.937659
125Nd,124.948395
126Rh,125.960064
126Pd,125.944401
126Ag,125.934814
126Cd,125.9224303
126In,125.9164682
126Sn,125.907659
126Sb,125.9072532
126Te,125.9033121
126I,125.9056242
126Xe,125.9042974
126Cs,125.9094458
126Ba,125.9112502
126La,125.9195127
126Ce,125.923971
126Pr,125.93524
126Nd,125.942694
126Pm,125.957327
127Rh,126.963789
127Pd,126.949307
127Ag,126.937037
127Cd,126.9262033
127In,126.917466
127Sn,126.9103917
127Sb,126.9069256
127Te,126.905227
127I,126.9044726
127Xe,126.9051836
127Cs,126.9074175
127Ba,126.9110913
127La,126.9163751
127Ce,126.922727
127Pr,126.93071
127Nd,126.939978
127Pm,126.951358
128Rh,127.970649
128Pd,127.952345
128Ag,127.941266
128Cd,127.9278168
128In,127.9203536
128Sn,127.9105078
128Sb,127.9091461
128Te,127.9044612
128I,127.9058094
128Xe,127.9035308
128Cs,127.9077485
128Ba,127.9083524
128La,127.9155921
128Ce,127.918911
128Pr,127.928791
128Nd,127.935018
128Pm,127.948234
128Sm,127.957971
129Pd,128.959334
129Ag,128.944315
129Cd,128.9322356
129In,128.9218085
129Sn,128.9134824
129Sb,128.9091466
129Te,128.9065964
129I,128.9049836
129Xe,128.9047809
129Cs,128.9060659
129Ba,128.9086834
129La,128.9126956
129Ce,128.918102
129Pr,128.925095
129Nd,128.933038
129Pm,128.942909
129Sm,128.954557
130Pd,129.964863
130Ag,129.950727
130Cd,129.9343876
130In,129.9249523
130Sn,129.9139745
130Sb,129.9116627
130Te,129.9062227
130I,129.9066702
130Xe,129.9035093
130Cs,129.9067093
130Ba,129.906326
130La,129.9123694
130Ce,129.914736
130Pr,129.92359
130Nd,129.928506
130Pm,129.940451
130Sm,129.948792
130Eu,129.964022
131Pd,130.972367
131Ag,130.956253
131Cd,130.9407277
131In,130.9269728
131Sn,130.9170531
131Sb,130.9119893
131Te,130.9085222
131I,130.9061264
131Xe,130.9050841
131Cs,130.9054685
131Ba,130.9069463
131La,130.91007
131Ce,130.9144295
131Pr,130.920235
131Nd,130.927248
131Pm,130.935834
131Sm,130.946022
131Eu,130.957634
132Ag,131.96307
132Cd,131.9458231
132In,131.9329984
132Sn,131.9178239
132Sb,131.914508
132Te,131.9085467
132I,131.9079935
132Xe,131.9041551
132Cs,131.9064377
132Ba,131.9050612
132La,131.910119
132Ce,131.9114662
132Pr,131.91924
132Nd,131.9233212
132Pm,131.93384
132Sm,131.940805
132Eu,131.954696
133Ag,132.968781
133Cd,132.952614
133In,132.938067
133Sn,132.9239138
133Sb,132.9152721
133Te,132.9109633
133I,132.9078284
133Xe,132.9059107
133Cs,132.905452
133Ba,132.9060074
133La,132.908218
133Ce,132.9115204
133Pr,132.9163306
133Nd,132.922348
133Pm,132.929782
133Sm,132.93856
133Eu,132.94929
133Gd,132.961288
134Cd,133.957638
134In,133.944208
134Sn,133.9286804
134Sb,133.9205373
134Te,133.9113964
134I,133.9097757
134Xe,133.905393
134Cs,133.9067185
134Ba,133.9045082
134La,133.908514
134Ce,133.9089281
134Pr,133.9156967
134Nd,133.9187902
134Pm,133.928326
134Sm,133.93411
134Eu,133.946537
134Gd,133.955416
135Cd,134.964766
135In,134.949425
135Sn,134.9349086
135Sb,134.9251844
135Te,134.9165547
135I,134.9100594
135Xe,134.9072314
135Cs,134.9059769
135Ba,134.9056884
135La,134.9069844
135Ce,134.9091607
135Pr,134.9131118
135Nd,134.9181813
135Pm,134.924785
135Sm,134.93252
135Eu,134.94187
135Gd,134.952496
135Tb,134.964516
136In,135.956017
136Sn,135.939699
136Sb,135.930749
136Te,135.9201012
136I,135.9146047
136Xe,135.9072145
136Cs,135.9073114
136Ba,135.9045758
136La,135.907635
136Ce,135.9071293
136Pr,135.9126775
136Nd,135.9149761
136Pm,135.9235959
136Sm,135.9282756
136Eu,135.93962
136Gd,135.9473
136Tb,135.96146
137In,136.961535
137Sn,136.946162
137Sb,136.9355225
137Te,136.9255994
137I,136.9180282
137Xe,136.9115578
137Cs,136.9070893
137Ba,136.9058272
137La,136.9064504
137Ce,136.9077624
137Pr,136.9106792
137Nd,136.9145631
137Pm,136.9204795
137Sm,136.927008
137Eu,136.9354307
137Gd,136.94502
137Tb,136.95602
138Sn,137.951143
138Sb,137.941331
138Te,137.9294725
138I,137.9227264
138Xe,137.9141463
138Cs,137.9110171
138Ba,137.9052471
138La,137.907124
138Ce,137.9059942
138Pr,137.9107575
138Nd,137.9119509
138Pm,137.9195761
138Sm,137.923244
138Eu,137.933709
138Gd,137.940247
138Tb,137.953193
138Dy,137.9625
139Sn,138.957799
139Sb,138.946269
139Te,138.9353672
139I,138.9264934
139Xe,138.9187922
139Cs,138.9133638
139Ba,138.9088412
139La,138.9063629
139Ce,138.906647
139Pr,138.9089327
139Nd,138.9119512
139Pm,138.9167992
139Sm,138.9222966
139Eu,138.9297923
139Gd,138.93813
139Tb,138.94833
139Dy,138.959527
140Sn,139.962973
140Sb,139.952345
140Te,139.9394871
140I,139.9317159
140Xe,139.9216458
140Cs,139.9172837
140Ba,139.9106082
140La,139.9094873
140Ce,139.9054484
140Pr,139.9090856
140Nd,139.9095461
140Pm,139.9160359
140Sm,139.9189947
140Eu,139.9280876
140Gd,139.933674
140Tb,139.945805
140Dy,139.95402
140Ho,139.968526
141Sb,140.957552
141Te,140.945604
141I,140.9356661
141Xe,140.9267872
141Cs,140.9200453
141Ba,140.9144037
141La,140.9109712
141Ce,140.908286
141Pr,140.9076596
141Nd,140.9096167
141Pm,140.9135551
141Sm,140.9184815
141Eu,140.9249317
141Gd,140.932126
141Tb,140.941448
141Dy,140.95128
141Ho,140.963108
142Sb,141.963918
142Te,141.950027
142I,141.9411666
142Xe,141.9299731
142Cs,141.9242995
142Ba,141.9164329
142La,141.9140908
142Ce,141.9092502
142Pr,141.9100516
142Nd,141.9077288
142Pm,141.912891
142Sm,141.9152094
142Eu,141.9234467
142Gd,141.928116
142Tb,141.9392809
142Dy,141.946194
142Ho,141.96001
142Er,141.970016
143Te,142.956489
143I,142.945475
143Xe,142.9353696
143Cs,142.9273473
143Ba,142.9206251
143La,142.9160795
143Ce,142.912392
143Pr,142.9108226
143Nd,142.9098198
143Pm,142.9109381
143Sm,142.9146348
143Eu,142.9202987
143Gd,142.9267507
143Tb,142.9351373
143Dy,142.9439943
143Ho,142.95486
143Er,142.966548
144Te,143.961116
144I,143.951336
144Xe,143.9389451
144Cs,143.9320754
144Ba,143.9229548
144La,143.9196456
144Ce,143.9136528
144Pr,143.9133107
144Nd,143.9100928
144Pm,143.9125962
144Sm,143.9120063
144Eu,143.9188195
144Gd,143.922963
144Tb,143.933045
144Dy,143.9392695
144Ho,143.9521097
144Er,143.9607
144Tm,143.976211
145Te,144.967783
145I,144.955845
145Xe,144.9447196
145Cs,144.9355289
145Ba,144.9275184
145La,144.9218081
145Ce,144.9172651
145Pr,144.914518
145Nd,144.9125792
145Pm,144.9127557
145Sm,144.9134172
145Eu,144.9162727
145Gd,144.9217101
145Tb,144.928717
145Dy,144.937474
145Ho,144.9472674
145Er,144.957874
145Tm,144.970389
146I,145.961846
146Xe,145.9485182
146Cs,145.9406219
146Ba,145.9303632
146La,145.925688
146Ce,145.9188123
146Pr,145.9176876
146Nd,145.9131225
146Pm,145.9147022
146Sm,145.9130468
146Eu,145.9172109
146Gd,145.9183185
146Tb,145.9272527
146Dy,145.9328445
146Ho,145.9449935
146Er,145.9524184
146Tm,145.966661
147I,146.966505
147Xe,146.954482
147Cs,146.9442615
147Ba,146.9353039
147La,146.9284178
147Ce,146.9226899
147Pr,146.9190074
147Nd,146.916106
147Pm,146.9151449
147Sm,146.9149044
147Eu,146.9167524
147Gd,146.919101
147Tb,146.9240546
147Dy,146.9310827
147Ho,146.9401423
147Er,146.9499645
147Tm,146.9613799
148Xe,147.958508
148Cs,147.949639
148Ba,147.938223
148La,147.9326794
148Ce,147.9244242
148Pr,147.92213
148Nd,147.916899
148Pm,147.9174811
148Sm,147.9148292
148Eu,147.9180913
148Gd,147.9181214
148Tb,147.9242755
148Dy,147.9271499
148Ho,147.9377439
148Er,147.944735
148Tm,147.958384
148Yb,147.967547
149Xe,148.964573
149Cs,148.953516
149Ba,148.943284
149La,148.9353513
149Ce,148.9284269
149Pr,148.9237361
149Nd,148.9201546
149Pm,148.9183415
149Sm,148.9171912
149Eu,148.9179369
149Gd,148.9193477
149Tb,148.9232538
149Dy,148.9273275
149Ho,148.9338205
149Er,148.942306
149Tm,148.952828
149Yb,148.964219
150Xe,149.968878
150Cs,149.959023
150Ba,149.9464411
150La,149.9395475
150Ce,149.930384
150Pr,149.9266764
150Nd,149.9209013
150Pm,149.92099
150Sm,149.917282
150Eu,149.9197071
150Gd,149.9186639
150Tb,149.9236648
150Dy,149.9255931
150Ho,149.9334984
150Er,149.9379155
150Tm,149.95009
150Yb,149.958314
150Lu,149.973407
151Cs,150.963199
151Ba,150.951755
151La,150.942769
151Ce,150.9342722
151Pr,150.9283091
151Nd,150.9238394
151Pm,150.9212166
151Sm,150.9199389
151Eu,150.9198566
151Gd,150.9203549
151Tb,150.923109
151Dy,150.9261913
151Ho,150.9316982
151Er,150.9374486
151Tm,150.9454944
151Yb,150.9554025
151Lu,150.967471
152Cs,151.968728
152Ba,151.95533
152La,151.947085
152Ce,151.936682
152Pr,151.9315529
152Nd,151.9246912
152Pm,151.9235052
152Sm,151.9197386
152Eu,151.921751
152Gd,151.9197984
152Tb,151.9240819
152Dy,151.9247253
152Ho,151.9317176
152Er,151.9350503
152Tm,151.944476
152Yb,151.9503267
152Lu,151.96412
153Ba,152.960848
153La,152.950553
153Ce,152.941052
153Pr,152.9339035
153Nd,152.9277179
153Pm,152.9241563
153Sm,152.9221036
153Eu,152.9212368
153Gd,152.9217569
153Tb,152.9234417
153Dy,152.9257717
153Ho,152.9302067
153Er,152.9350864
153Tm,152.942058
153Yb,152.949372
153Lu,152.9588022
153Hf,152.970692
154Ba,153.964659
154La,153.955416
154Ce,153.94394
154Pr,153.9378852
154Nd,153.9295974
154Pm,153.9267128
154Sm,153.9222158
154Eu,153.9229857
154Gd,153.920873
154Tb,153.9246837
154Dy,153.9244289
154Ho,153.9306068
154Er,153.9327908
154Tm,153.9415701
154Yb,153.9463957
154Lu,153.957416
154Hf,153.964863
155La,154.95928
155Ce,154.948706
155Pr,154.9405092
155Nd,154.9331356
155Pm,154.928137
155Sm,154.9246466
155Eu,154.9228998
155Gd,154.9226294
155Tb,154.9235095
155Dy,154.925758
155Ho,154.9291034
155Er,154.9332157
155Tm,154.9392096
155Yb,154.9457832
155Lu,154.954326
155Hf,154.963167
155Ta,154.974248
156La,155.964519
156Ce,155.951884
156Pr,155.9447669
156Nd,155.9353704
156Pm,155.9311141
156Sm,155.9255382
156Eu,155.924763
156Gd,155.9221301
156Tb,155.9247542
156Dy,155.9242836
156Ho,155.9296416
156Er,155.9310659
156Tm,155.9389857
156Yb,155.9428171
156Lu,155.9530866
156Hf,155.9593991
156Ta,155.972087
157La,156.968792
157Ce,156.957133
157Pr,156.9480031
157Nd,156.9393511
157Pm,156.9331213
157Sm,156.9284186
157Eu,156.9254326
157Gd,156.9239674
157Tb,156.9240319
157Dy,156.9254696
157Ho,156.928252
157Er,156.9319227
157Tm,156.936973
157Yb,156.9426514
157Lu,156.9501448
157Hf,156.958288
157Ta,156.9682274
157W,156.978862
158Ce,157.960773
158Pr,157.952603
158Nd,157.9422056
158Pm,157.9365469
158Sm,157.9299493
158Eu,157.9277822
158Gd,157.9241112
158Tb,157.9254199
158Dy,157.9244148
158Ho,157.9289449
158Er,157.9298935
158Tm,157.9369795
158Yb,157.9398712
158Lu,157.9493156
158Hf,157.9548012
158Ta,157.966593
158W,157.974565
159Ce,158.966355
159Pr,158.956232
159Nd,158.9466191
159Pm,158.9392864
159Sm,158.9332171
159Eu,158.9290995
159Gd,158.9263958
159Tb,158.9253537
159Dy,158.9257459
159Ho,158.9277187
159Er,158.9306908
159Tm,158.934975
159Yb,158.9400603
159Lu,158.9466356
159Hf,158.9539958
159Ta,158.963028
159W,158.972696
159Re,158.984106
160Pr,159.961138
160Nd,159.9498392
160Pm,159.9432153
160Sm,159.935337
160Eu,159.931837
160Gd,159.9270612
160Tb,159.9271746
160Dy,159.9252036
160Ho,159.9287355
160Er,159.9290772
160Tm,159.9352642
160Yb,159.9375592
160Lu,159.946033
160Hf,159.9506827
160Ta,159.9615417
160W,159.9685139
160Re,159.98188
161Pr,160.965121
161Nd,160.954664
161Pm,160.9462298
161Sm,160.9391601
161Eu,160.933664
161Gd,160.9296763
161Tb,160.9275768
161Dy,160.9269394
161Ho,160.9278618
161Er,160.9300035
161Tm,160.933549
161Yb,160.9379124
161Lu,160.943572
161Hf,160.9502779
161Ta,160.9583695
161W,160.967249
161Re,160.9776243
161Os,160.989054
162Nd,161.958121
162Pm,161.950574
162Sm,161.9416217
162Eu,161.9369583
162Gd,161.9309918
162Tb,161.9292754
162Dy,161.9268045
162Ho,161.9291025
162Er,161.9287873
162Tm,161.9340012
162Yb,161.9357793
162Lu,161.9432828
162Hf,161.9472155
162Ta,161.9572929
162W,161.9635003
162Re,161.975896
162Os,161.984434
163Nd,162.963414
163Pm,162.953881
163Sm,162.9456791
163Eu,162.9392655
163Gd,162.9340966
163Tb,162.9306536
163Dy,162.9287372
163Ho,162.9287403
163Er,162.9300399
163Tm,162.9326583
163Yb,162.9363454
163Lu,162.941179
163Hf,162.9471072
163Ta,162.9543372
163W,162.9625243
163Re,162.9720854
163Os,162.982462
163Ir,162.994299
164Pm,163.958819
164Sm,163.9485501
164Eu,163.9428529
164Gd,163.9359162
164Tb,163.9333276
164Dy,163.9291808
164Ho,163.9302405
164Er,163.9292077
164Tm,163.933538
164Yb,163.9345007
164Lu,163.941339
164Hf,163.9443707
164Ta,163.953534
164W,163.9589524
164Re,163.9705071
164Os,163.9780732
164Ir,163.991966
165Pm,164.96278
165Sm,164.95329
165Eu,164.9455401
165Gd,164.9393171
165Tb,164.9349552
165Dy,164.9317094
165Ho,164.9303291
165Er,164.9307335
165Tm,164.9324418
165Yb,164.9352702
165Lu,164.9394068
165Hf,164.944567
165Ta,164.9507803
165W,164.9582807
165Re,164.9670858
165Os,164.976654
165Ir,164.987552
165Pt,164.999658
166Sm,165.956575
166Eu,165.949813
166Gd,165.9416304
166Tb,165.9379397
166Dy,165.9328128
166Ho,165.9322912
166Er,165.9303011
166Tm,165.9335621
166Yb,165.9338764
166Lu,165.939859
166Hf,165.94218
166Ta,165.950512
166W,165.955032
166Re,165.9658212
166Os,165.9726981
166Ir,165.985716
166Pt,165.994866
167Sm,166.962072
167Eu,166.953011
167Gd,166.94549
167Tb,166.940007
167Dy,166.9356824
167Ho,166.9331403
167Er,166.9320562
167Tm,166.9328572
167Yb,166.9349541
167Lu,166.938243
167Hf,166.9426
167Ta,166.948093
167W,166.9548111
167Re,166.962604
167Os,166.9715523
167Ir,166.981672
167Pt,166.99275
168Sm,167.966033
168Eu,167.957863
168Gd,167.948309
168Tb,167.9433371
168Dy,167.937135
168Ho,167.9355238
168Er,167.9323783
168Tm,167.9341785
168Yb,167.9338913
168Lu,167.9387298
168Hf,167.940568
168Ta,167.948047
168W,167.9518055
168Re,167.9615726
168Os,167.9677991
168Ir,167.979961
168Pt,167.9881802
168Au,168.002716
169Eu,168.961717
169Gd,168.952882
169Tb,168.945807
169Dy,168.9403152
169Ho,168.9368799
169Er,168.9345984
169Tm,168.934219
169Yb,168.9351842
169Lu,168.9376458
169Hf,168.941259
169Ta,168.946011
169W,168.9517787
169Re,168.958766
169Os,168.9670175
169Ir,168.9762817
169Pt,168.986619
169Au,168.99808
170Eu,169.96687
170Gd,169.956146
170Tb,169.949855
170Dy,169.94234
170Ho,169.9396265
170Er,169.9354719
170Tm,169.9358071
170Yb,169.9347672
170Lu,169.9384792
170Hf,169.939609
170Ta,169.946175
170W,169.9492312
170Re,169.9582348
170Os,169.9635793
170Ir,169.975113
170Pt,169.9825021
170Au,169.996024
170Hg,170.005814
171Gd,170.961127
171Tb,170.953011
171Dy,170.946312
171Ho,170.9414727
171Er,170.9380374
171Tm,170.9364352
171Yb,170.9363315
171Lu,170.9379186
171Hf,170.940492
171Ta,170.944476
171W,170.949451
171Re,170.955716
171Os,170.9631804
171Ir,170.9716455
171Pt,170.9812489
171Au,170.9918815
171Hg,171.003585
172Gd,171.964605
172Tb,171.957391
172Dy,171.948728
172Ho,171.94473
172Er,171.9393635
172Tm,171.938407
172Yb,171.9363867
172Lu,171.9390913
172Hf,171.9394497
172Ta,171.944895
172W,171.947292
172Re,171.9553762
172Os,171.9600173
172Ir,171.970607
172Pt,171.9773411
172Au,171.9899967
172Hg,171.9988606
173Tb,172.960805
173Dy,172.953043
173Ho,172.94702
173Er,172.9424
173Tm,172.9396066
173Yb,172.9382162
173Lu,172.9389357
173Hf,172.940513
173Ta,172.94375
173W,172.947689
173Re,172.953243
173Os,172.9598084
173Ir,172.9675055
173Pt,172.9764499
173Au,172.9862243
173Hg,172.997143
174Tb,173.965679
174Dy,173.955845
174Ho,173.950757
174Er,173.94423
174Tm,173.9421741
174Yb,173.9388675
174Lu,173.9403428
174Hf,173.9400484
174Ta,173.944454
174W,173.946079
174Re,173.953115
174Os,173.9570632
174Ir,173.9669499
174Pt,173.9728204
174Au,173.984908
174Hg,173.9928706
175Dy,174.960569
175Ho,174.953516
175Er,174.94777
175Tm,174.9438423
175Yb,174.9412819
175Lu,174.9407772
175Hf,174.9415114
175Ta,174.943737
175W,174.946717
175Re,174.951381
175Os,174.9569451
175Ir,174.9641495
175Pt,174.9724006
175Au,174.9813164
175Hg,174.9914445
176Dy,175.963918
176Ho,175.957713
176Er,175.94994
176Tm,175.9469977
176Yb,175.9425747
176Lu,175.9426917
176Hf,175.9414098
176Ta,175.944857
176W,175.945634
176Re,175.951623
176Os,175.9547703
176Ir,175.9636263
176Pt,175.9689382
176Au,175.9801169
176Hg,175.9873487
176Tl,176.0006277
177Ho,176.961052
177Er,176.95399
177Tm,176.948932
177Yb,176.9452638
177Lu,176.9437636
177Hf,176.9432302
177Ta,176.9444819
177W,176.946643
177Re,176.950328
177Os,176.9549579
177Ir,176.9613015
177Pt,176.9684695
177Au,176.9768697
177Hg,176.9862846
177Tl,176.9964143
178Ho,177.965507
178Er,177.956779
178Tm,177.952506
178Yb,177.9466694
178Lu,177.9459601
178Hf,177.9437083
178Ta,177.94568
178W,177.9458858
178Re,177.950989
178Os,177.9532533
178Ir,177.9610794
178Pt,177.9656493
178Au,177.9760567
178Hg,177.9824848
178Tl,177.995047
178Pb,178.0038362
179Er,178.961267
179Tm,178.955018
179Yb,178.94993
179Lu,178.947333
179Hf,178.9458257
179Ta,178.9459391
179W,178.9470794
179Re,178.9499897
179Os,178.953816
179Ir,178.9591176
179Pt,178.9653587
179Au,178.9731737
179Hg,178.9818218
179Tl,178.9911222
179Pb,179.0022025
180Er,179.96438
180Tm,179.959023
180Yb,179.951991
180Lu,179.9498907
180Hf,179.9465595
180Ta,179.9474676
180W,179.9467133
180Re,179.9507916
180Os,179.9523817
180Ir,179.9592294
180Pt,179.963038
180Au,179.9724897
180Hg,179.9782602
180Tl,179.989919
180Pb,179.9979162
181Tm,180.961954
181Yb,180.95589
181Lu,180.951908
181Hf,180.9491108
181Ta,180.9479985
181W,180.9482187
181Re,180.9500615
181Os,180.9532472
181Ir,180.9576347
181Pt,180.9630899
181Au,180.9700791
181Hg,180.9778194
181Tl,180.98626
181Pb,180.9966606
182Tm,181.966194
182Yb,181.958239
182Lu,181.955158
182Hf,181.9505637
182Ta,181.9501546
182W,181.9482056
182Re,181.9512116
182Os,181.9521102
182Ir,181.9580763
182Pt,181.9611716
182Au,181.9696144
182Hg,181.9746892
182Tl,181.9856926
182Pb,181.9926735
183Yb,182.962426
183Lu,182.957363
183Hf,182.9535332
183Ta,182.9513754
183W,182.9502244
183Re,182.9508213
183Os,182.953125
183Ir,182.9568412
183Pt,182.9615959
183Au,182.9675881
183Hg,182.9744447
183Tl,182.9821928
183Pb,182.9918625
184Yb,183.965002
184Lu,183.96103
184Hf,183.9554485
184Ta,183.95401
184W,183.9509332
184Re,183.9525281
184Os,183.9524929
184Ir,183.957476
184Pt,183.9599219
184Au,183.9674515
184Hg,183.9717177
184Tl,183.981875
184Pb,183.9881356
184Bi,184.001347
185Yb,184.969425
185Lu,184.963542
185Hf,184.958862
185Ta,184.9555613
185W,184.9534212
185Re,184.9529583
185Os,184.954046
185Ir,184.956698
185Pt,184.9606137
185Au,184.9657989
185Hg,184.9718907
185Tl,184.9787892
185Pb,184.98761
185Bi,184.9976
186Lu,185.96745
186Hf,185.960897
186Ta,185.958553
186W,185.9543651
186Re,185.9549892
186Os,185.9538376
186Ir,185.9579468
186Pt,185.9593508
186Au,185.9659527
186Hg,185.9693621
186Tl,185.9786548
186Pb,185.9842394
186Bi,185.9966232
186Po,186.0044032
187Lu,186.970188
187Hf,186.964573
187Ta,186.960391
187W,186.9571612
187Re,186.9557522
187Os,186.9557496
187Ir,186.957542
187Pt,186.9606166
187Au,186.9645421
187Hg,186.9698135
187Tl,186.9759047
187Pb,186.9839108
187Bi,186.9931473
187Po,187.0030315
188Lu,187.974428
188Hf,187.966903
188Ta,187.963596
188W,187.9584883
188Re,187.9581137
188Os,187.9558373
188Ir,187.958835
188Pt,187.9593975
188Au,187.965248
188Hg,187.9675807
188Tl,187.9760209
188Pb,187.9808791
188Bi,187.9922761
188Po,187.9994156
189Hf,188.970853
189Ta,188.96569
189W,188.961557
189Re,188.9592278
189Os,188.9581459
189Ir,188.9587226
189Pt,188.9608485
189Au,188.9639483
189Hg,188.9681948
189Tl,188.9735735
189Pb,188.9808437
189Bi,188.9891951
189Po,188.9984734
190Hf,189.973376
190Ta,189.969168
190W,189.9631035
190Re,189.9618001
190Os,189.9584454
190Ir,189.9605434
190Pt,189.9599498
190Au,189.9647517
190Hg,189.9663223
190Tl,189.9738418
190Pb,189.9780819
190Bi,189.9886248
190Po,189.9951017
191Ta,190.97153
191W,190.966531
191Re,190.9631233
191Os,190.9609281
191Ir,190.9605915
191Pt,190.9616763
191Au,190.9637165
191Hg,190.9671583
191Tl,190.9717841
191Pb,190.9782165
191Bi,190.985787
191Po,190.9945585
191At,191.0041481
192Ta,191.975201
192W,191.968202
192Re,191.966088
192Os,191.9614788
192Ir,191.9626024
192Pt,191.9610427
192Au,191.9648176
192Hg,191.9656343
192Tl,191.972225
192Pb,191.9757896
192Bi,191.9854701
192Po,191.9913403
192At,192.0031409
193Ta,192.97766
193W,192.971884
193Re,192.967545
193Os,192.9641496
193Ir,192.9629238
193Pt,192.9629845
193Au,192.9641384
193Hg,192.9666534
193Tl,192.970502
193Pb,192.9761359
193Bi,192.9829472
193Po,192.9910624
193At,192.9999277
193Rn,193.009708
194Ta,193.98161
194W,193.973795
194Re,193.970735
194Os,193.9651794
194Ir,193.9650757
194Pt,193.9626835
194Au,193.9654191
194Hg,193.9654491
194Tl,193.9710814
194Pb,193.9740118
194Bi,193.9827986
194Po,193.9881861
194At,193.9992308
194Rn,194.0061456
195W,194.977735
195Re,194.97256
195Os,194.968318
195Ir,194.9659769
195Pt,194.9647943
195Au,194.9650378
195Hg,194.9667058
195Tl,194.9697741
195Pb,194.9745162
195Bi,194.9806488
195Po,194.9880658
195At,194.9962745
195Rn,195.0054217
196W,195.979882
196Re,195.975996
196Os,195.9696433
196Ir,195.9683997
196Pt,195.9649546
196Au,195.9665712
196Hg,195.9658334
196Tl,195.9704812
196Pb,195.9727876
196Bi,195.9806665
196Po,195.9855407
196At,195.995799
196Rn,196.0021204
197W,196.984036
197Re,196.978153
197Os,196.973076
197Ir,196.9696572
197Pt,196.967343
197Au,196.9665701
197Hg,196.9672137
197Tl,196.9695605
197Pb,196.9734347
197Bi,196.9788649
197Po,196.9856219
197At,196.9931774
197Rn,197.0016214
197Fr,197.0110081
198Re,197.98176
198Os,197.974664
198Ir,197.972399
198Pt,197.9678967
198Au,197.9682437
198Hg,197.9667692
198Tl,197.9704467
198Pb,197.9720155
198Bi,197.9792013
198Po,197.9833888
198At,197.9927979
198Rn,197.9986792
198Fr,198.0102821
199Re,198.984187
199Os,198.978239
199Ir,198.9738071
199Pt,198.970597
199Au,198.9687666
199Hg,198.968281
199Tl,198.969877
199Pb,198.9729126
199Bi,198.9776728
199Po,198.9836404
199At,198.9905277
199Rn,198.9983254
199Fr,199.0072694
200Os,199.980086
200Ir,199.976844
200Pt,199.9714446
200Au,199.9707566
200Hg,199.9683269
200Tl,199.9709636
200Pb,199.9718185
200Bi,199.9781313
200Po,199.9818124
200At,199.9903511
200Rn,199.9957053
200Fr,200.0065847
201Os,200.984069
201Ir,200.978701
201Pt,200.9745133
201Au,200.9716577
201Hg,200.9703031
201Tl,200.9708202
201Pb,200.9728704
201Bi,200.976995
201Po,200.9822638
201At,200.9884171
201Rn,200.9955905
201Fr,201.0038525
201Ra,201.0128147
202Os,201.986548
202Ir,201.982136
202Pt,201.975639
202Au,201.973856
202Hg,201.9706436
202Tl,201.9721089
202Pb,201.9721516
202Bi,201.977723
202Po,201.9807389
202At,201.9886257
202Rn,201.993264
202Fr,202.0033296
202Ra,202.0097423
203Os,202.992195
203Ir,202.984573
203Pt,202.979055
203Au,202.9751545
203Hg,202.9728724
203Tl,202.9723441
203Pb,202.9733906
203Bi,202.9768921
203Po,202.9814161
203At,202.9869429
203Rn,202.9933612
203Fr,203.0009409
203Ra,203.0092339
204Ir,203.989726
204Pt,203.981084
204Au,203.97811
204Hg,203.973494
204Tl,203.9738634
204Pb,203.9730435
204Bi,203.9778357
204Po,203.9803101
204At,203.9872514
204Rn,203.9914437
204Fr,204.000652
204Ra,204.0065069
205Ir,204.993988
205Pt,204.986237
205Au,204.980064
205Hg,204.9760732
205Tl,204.9744273
205Pb,204.9744817
205Bi,204.9773852
205Po,204.98119
205At,204.9860605
205Rn,204.9917232
205Fr,204.9985939
205Ra,205.0062307
205Ac,205.0151442
206Pt,205.99008
206Au,205.984766
206Hg,205.9775138
206Tl,205.9761101
206Pb,205.9744652
206Bi,205.9784988
206Po,205.9804737
206At,205.9866458
206Rn,205.9901954
206Fr,205.9986614
206Ra,206.0038278
206Ac,206.0144765
207Pt,206.995556
207Au,206.988577
207Hg,206.9823
207Tl,206.9774186
207Pb,206.9758968
207Bi,206.9784706
207Po,206.9815933
207At,206.9857997
207Rn,206.9907302
207Fr,206.9969415
207Ra,207.0037724
207Ac,207.011966
208Pt,207.999463
208Au,207.993655
208Hg,207.985759
208Tl,207.982018
208Pb,207.976652
208Bi,207.9797421
208Po,207.981246
208At,207.986613
208Rn,207.9896345
208Fr,207.9971391
208Ra,208.001855
208Ac,208.0115523
208Th,208.0179153
209Au,208.997606
209Hg,208.990757
209Tl,208.9853517
209Pb,208.98109
209Bi,208.9803986
209Po,208.9824304
209At,208.9861687
209Rn,208.9904014
209Fr,208.9959397
209Ra,209.0019949
209Ac,209.0094954
209Th,209.017601
210Au,210.002877
210Hg,209.99431
210Tl,209.9900729
210Pb,209.9841884
210Bi,209.9841202
210Po,209.9828737
210At,209.9871474
210Rn,209.9896889
210Fr,209.9964106
210Ra,210.0004754
210Ac,210.0094086
210Th,210.0150935
211Hg,210.999581
211Tl,210.993475
211Pb,210.9887353
211Bi,210.9872687
211Po,210.9866532
211At,210.9874962
211Rn,210.9906008
211Fr,210.9955552
211Ra,211.000893
211Ac,211.0076688
211Th,211.0148969
211Pa,211.023674
212Hg,212.003242
212Tl,211.998335
212Pb,211.9918959
212Bi,211.991285
212Po,211.988868
212At,211.9907373
212Rn,211.9907039
212Fr,211.9962254
212Ra,211.9997866
212Ac,212.0078364
212Th,212.0130016
212Pa,212.0231848
213Hg,213.008803
213Tl,213.001915
213Pb,212.9965608
213Bi,212.9943836
213Po,212.9928572
213At,212.9929366
213Rn,212.9938851
213Fr,212.9961844
213Ra,213.000371
213Ac,213.0065927
213Th,213.0130115
213Pa,213.0210996
214Hg,214.012636
214Tl,214.00694
214Pb,213.9998035
214Bi,213.9987109
214Po,213.9952013
214At,213.9963723
214Rn,213.9953627
214Fr,213.9989712
214Ra,214.0000996
214Ac,214.0069064
214Th,214.0114815
214Pa,214.0208911
215Hg,215.018368
215Tl,215.010768
215Pb,215.0046616
215Bi,215.0017491
215Po,214.9994184
215At,214.998651
215Rn,214.998745
215Fr,215.0003415
215Ra,215.0027182
215Ac,215.0064741
215Th,215.0117246
215Pa,215.019114
215U,215.0267198
216Hg,216.022459
216Tl,216.015964
216Pb,216.008062
216Bi,216.006306
216Po,216.0019134
216At,216.0024226
216Rn,216.0002719
216Fr,216.0031895
216Ra,216.0035335
216Ac,216.0087491
216Th,216.0110559
216Pa,216.0191346
216U,216.0247628
217Tl,217.020032
217Pb,217.013162
217Bi,217.009372
217Po,217.0063161
217At,217.0047178
217Rn,217.0039276
217Fr,217.004632
217Ra,217.0063227
217Ac,217.0093423
217Th,217.0131034
217Pa,217.018309
217U,217.02466
218Tl,218.025454
218Pb,218.016779
218Bi,218.014188
218Po,218.0089712
218At,218.0086959
218Rn,218.0056011
218Fr,218.0075786
218Ra,218.0071343
218Ac,218.0116489
218Th,218.0132762
218Pa,218.0200211
218U,218.0235049
219Pb,219.022136
219Bi,219.01752
219Po,219.013614
219At,219.0111606
219Rn,219.0094787
219Fr,219.0092507
219Ra,219.0100847
219Ac,219.0124204
219Th,219.0155264
219Pa,219.0199499
219U,219.0250092
219Np,219.0316019
220Pb,220.025905
220Bi,220.022501
220Po,220.016386
220At,220.015433
220Rn,220.0113924
220Fr,220.0123268
220Ra,220.0110275
220Ac,220.0147545
220Th,220.0157699
220Pa,220.0217698
220U,220.024706
220Np,220.0327163
221Bi,221.02598
221Po,221.021228
221At,221.018017
221Rn,221.0155356
221Fr,221.0142537
221Ra,221.0139173
221Ac,221.0155997
221Th,221.0181858
221Pa,221.0218734
221U,221.0263233
221Np,221.03211
221Pu,221.038572
222Bi,222.031079
222Po,222.02414
222At,222.022494
222Rn,222.017576
222Fr,222.0175826
222Ra,222.0153734
222Ac,222.0178442
222Th,222.0184682
222Pa,222.0236871
222U,222.026058
222Np,222.0335747
222Pu,222.037638
223Bi,223.034611
223Po,223.02907
223At,223.025151
223Rn,223.0218893
223Fr,223.0197342
223Ra,223.0185006
223Ac,223.019136
223Th,223.0208111
223Pa,223.0239804
223U,223.0279608
223Np,223.0329133
223Pu,223.038777
223Am,223.04584
224Bi,224.039796
224Po,224.03211
224At,224.029749
224Rn,224.0240958
224Fr,224.0233481
224Ra,224.0202104
224Ac,224.0217222
224Th,224.0214661
224Pa,224.0256173
224U,224.0276359
224Np,224.034388
224Pu,224.037875
224Am,224.046442
225Po,225.037123
225At,225.032528
225Rn,225.0284856
225Fr,225.0255725
225Ra,225.0236105
225Ac,225.0232286
225Th,225.023951
225Pa,225.0261479
225U,225.0293851
225Np,225.0339434
225Pu,225.03897
225Am,225.045508
226Po,226.04031
226At,226.037209
226Rn,226.0308614
226Fr,226.0295445
226Ra,226.0254082
226Ac,226.026097
226Th,226.0249037
226Pa,226.0279482
226U,226.0293387
226Np,226.0352304
226Pu,226.03825
226Am,226.04613
227Po,227.04539
227At,227.040183
227Rn,227.0353044
227Fr,227.0318654
227Ra,227.0291762
227Ac,227.0277506
227Th,227.0277025
227Pa,227.0288036
227U,227.0311811
227Np,227.034975
227Pu,227.039474
227Am,227.045282
228At,228.04496
228Rn,228.0378354
228Fr,228.0358394
228Ra,228.0310686
228Ac,228.0310197
228Th,228.0287397
228Pa,228.0310508
228U,228.031369
228Np,228.036313
228Pu,228.0387633
228Am,228.046001
229At,229.048191
229Rn,229.0422573
229Fr,229.0382914
229Ra,229.0349567
229Ac,229.032947
229Th,229.0317614
229Pa,229.0320956
229U,229.033506
229Np,229.0362873
229Pu,229.0401451
229Am,229.0452825
230Rn,230.045271
230Fr,230.0423908
230Ra,230.0370548
230Ac,230.036327
230Th,230.0331323
230Pa,230.0345397
230U,230.0339401
230Np,230.0378281
230Pu,230.0396483
230Am,230.046025
231Rn,231.049973
231Fr,231.0451754
231Ra,231.0410271
231Ac,231.038393
231Th,231.0363028
231Pa,231.0358825
231U,231.0362922
231Np,231.0382436
231Pu,231.0411259
231Am,231.045529
231Cm,231.050746
232Fr,232.0494612
232Ra,232.0434753
232Ac,232.042034
232Th,232.0380536
232Pa,232.0385902
232U,232.0371548
232Np,232.040107
232Pu,232.0411821
232Am,232.046613
232Cm,232.04974
233Fr,233.0525178
233Ra,233.0475946
233Ac,233.044346
233Th,233.0415801
233Pa,233.0402465
233U,233.0396343
233Np,233.0407394
233Pu,233.0429974
233Am,233.046468
233Cm,233.0507715
233Bk,233.056652
234Ra,234.0503821
234Ac,234.048139
234Th,234.0435998
234Pa,234.0433056
234U,234.0409503
234Np,234.0428932
234Pu,234.0433175
234Am,234.047731
234Cm,234.0501586
234Bk,234.057322
235Ra,235.05489
235Ac,235.05084
235Th,235.047255
235Pa,235.045399
235U,235.0439281
235Np,235.0440615
235Pu,235.0452846
235Am,235.0479065
235Cm,235.051545
235Bk,235.056651
236Ac,236.054988
236Th,236.049657
236Pa,236.048668
236U,236.0455661
236Np,236.0465683
236Pu,236.0460567
236Am,236.049427
236Cm,236.0513721
236Bk,236.057479
237Ac,237.057993
237Th,237.053629
237Pa,237.051023
237U,237.0487283
237Np,237.0481716
237Pu,237.0484079
237Am,237.049995
237Cm,237.052869
237Bk,237.057123
237Cf,237.0621993
238Th,238.056388
238Pa,238.054637
238U,238.0507869
238Np,238.0509446
238Pu,238.0495582
238Am,238.0519825
238Cm,238.0530816
238Bk,238.058204
238Cf,238.06149
239Th,239.060655
239Pa,239.05726
239U,239.054292
239Np,239.0529375
239Pu,239.0521616
239Am,239.0530227
239Cm,239.0549085
239Bk,239.058239
239Cf,239.062482
239Es,239.06831
240Pa,240.061203
240U,240.0565924
240Np,240.0561638
240Pu,240.0538117
240Am,240.0552984
240Cm,240.0555282
240Bk,240.059758
240Cf,240.0622534
240Es,240.068949
241Pa,241.064134
241U,241.06033
241Np,241.0583097
241Pu,241.0568497
241Am,241.0568273
241Cm,241.0576512
241Bk,241.060098
241Cf,241.06369
241Es,241.068592
241Fm,241.074311
242U,242.062931
242Np,242.0616395
242Pu,242.058741
242Am,242.0595474
242Cm,242.0588342
242Bk,242.061999
242Cf,242.0637545
242Es,242.069567
242Fm,242.07343
243U,243.067075
243Np,243.064204
243Pu,243.0620021
243Am,243.0613799
243Cm,243.0613873
243Bk,243.0630059
243Cf,243.065475
243Es,243.069508
243Fm,243.074414
244Np,244.067891
244Pu,244.0642044
244Am,244.0642829
244Cm,244.0627506
244Bk,244.065179
244Cf,244.0659994
244Es,244.070881
244Fm,244.074036
244Md,244.081157
245Np,245.070693
245Pu,245.0678246
245Am,245.0664528
245Cm,245.065491
245Bk,245.0663598
245Cf,245.0680468
245Es,245.071192
245Fm,245.075354
245Md,245.080864
246Pu,246.0702042
246Am,246.069774
246Cm,246.067222
246Bk,246.0686713
246Cf,246.0688037
246Es,246.0728065
246Fm,246.0753533
246Md,246.081713
247Pu,247.0743
247Am,247.072092
247Cm,247.0703527
247Bk,247.0703059
247Cf,247.0709713
247Es,247.0736219
247Fm,247.076944
247Md,247.08152
248Am,248.075752
248Cm,248.0723491
248Bk,248.0731417
248Cf,248.0721829
248Es,248.075469
248Fm,248.0771855
248Md,248.082607
248No,248.086623
249Am,249.07848
249Cm,249.075954
249Bk,249.0749831
249Cf,249.0748504
249Es,249.076409
249Fm,249.078926
249Md,249.0828572
249No,249.087802
250Cm,250.0783575
250Bk,250.0783172
250Cf,250.0764045
250Es,250.078611
250Fm,250.0795198
250Md,250.0841649
250No,250.087565
251Cm,251.082285
251Bk,251.0807606
251Cf,251.0795872
251Es,251.0799914
251Fm,251.0815451
251Md,251.0847743
251No,251.088942
251Lr,251.094289
252Cm,252.08487
252Bk,252.08431
252Cf,252.0816265
252Es,252.0829792
252Fm,252.082466
252Md,252.086385
252No,252.0889661
252Lr,252.095048
253Bk,253.08688
253Cf,253.0851337
253Es,253.0848212
253Fm,253.0851809
253Md,253.087143
253No,253.0905628
253Lr,253.0950339
253Rf,253.100528
254Bk,254.0906
254Cf,254.0873236
254Es,254.0880243
254Fm,254.0868524
254Md,254.08959
254No,254.0909542
254Lr,254.0962388
254Rf,254.100055
255Cf,255.091046
255Es,255.0902735
255Fm,255.0899635
255Md,255.0910817
255No,255.0931964
255Lr,255.0965624
255Rf,255.101267
255Db,255.106919
256Cf,256.093442
256Es,256.093597
256Fm,256.0917717
256Md,256.093888
256No,256.0942819
256Lr,256.098494
256Rf,256.1011515
256Db,256.107674
257Es,257.095979
257Fm,257.0951054
257Md,257.0955373
257No,257.0968842
257Lr,257.09948
257Rf,257.1029168
257Db,257.10752
258Es,258.09952
258Fm,258.097077
258Md,258.0984336
258No,258.098205
258Lr,258.101753
258Rf,258.1034299
258Db,258.108973
258Sg,258.11304
259Fm,259.100596
259Md,259.100445
259No,259.1009984
259Lr,259.1029
259Rf,259.105601
259Db,259.1094919
259Sg,259.114353
260Fm,260.102809
260Md,260.10365
260No,260.102641
260Lr,260.105504
260Rf,260.10644
260Db,260.111297
260Sg,260.1143834
260Bh,260.121443
261Md,261.105828
261No,261.105696
261Lr,261.106879
261Rf,261.1087696
261Db,261.111979
261Sg,261.1159481
261Bh,261.1213957
262Md,262.109144
262No,262.107463
262Lr,262.109615
262Rf,262.109923
262Db,262.114067
262Sg,262.116339
262Bh,262.1226547
263No,263.110714
263Lr,263.111293
263Rf,263.112461
263Db,263.114987
263Sg,263.118299
263Bh,263.122916
263Hs,263.128479
264No,264.112734
264Lr,264.114198
264Rf,264.113876
264Db,264.117297
264Sg,264.11893
264Bh,264.124486
264Hs,264.1283563
265Lr,265.116193
265Rf,265.116683
265Db,265.1185
265Sg,265.121089
265Bh,265.124955
265Hs,265.1297917
265Mt,265.135937
266Lr,266.119874
266Rf,266.118236
266Db,266.121032
266Sg,266.121973
266Bh,266.12679
266Hs,266.1300488
266Mt,266.1370623
267Rf,267.121787
267Db,267.122399
267Sg,267.124323
267Bh,267.127499
267Hs,267.131678
267Mt,267.137189
267Ds,267.143726
268Rf,268.123968
268Db,268.125669
268Sg,268.125389
268Bh,268.129584
268Hs,268.132011
268Mt,268.138649
268Ds,268.143477
269Db,269.127911
269Sg,269.128495
269Bh,269.130411
269Hs,269.133649
269Mt,269.138809
269Ds,269.144751
270Db,270.131399
270Sg,270.130362
270Bh,270.133366
270Hs,270.134313
270Mt,270.140322
270Ds,270.1445866
271Sg,271.133782
271Bh,271.135115
271Hs,271.137082
271Mt,271.140741
271Ds,271.145951
272Sg,272.135825
272Bh,272.138259
272Hs,272.138492
272Mt,272.143298
272Ds,272.146091
272Rg,272.153273
273Sg,273.139475
273Bh,273.140294
273Hs,273.141458
273Mt,273.144695
273Ds,273.148455
273Rg,273.153393
274Bh,274.143599
274Hs,274.143217
274Mt,274.147343
274Ds,274.149434
274Rg,274.155247
275Bh,275.145766
275Hs,275.14653
275Mt,275.148972
275Ds,275.152085
275Rg,275.156088
276Bh,276.149169
276Hs,276.148348
276Mt,276.151705
276Ds,276.153022
276Rg,276.158226
276Cn,276.161418
277Bh,277.151477
277Hs,277.151772
277Mt,277.153525
277Ds,277.155763
277Rg,277.159322
277Cn,277.163535
278Bh,278.154988
278Hs,278.153753
278Mt,278.156487
278Ds,278.157007
278Rg,278.16159
278Cn,278.164083
278Nh,278.170725
279Hs,279.157274
279Mt,279.158439
279Ds,279.159984
279Rg,279.16288
279Cn,279.166422
279Nh,279.171187
280Hs,280.159335
280Mt,280.161579
280Ds,280.161375
280Rg,280.165204
280Cn,280.167102
280Nh,280.173098
281Mt,281.163608
281Ds,281.164545
281Rg,281.166757
281Cn,281.169563
281Nh,281.17371
282Mt,282.166888
282Ds,282.166174
282Rg,282.169343
282Cn,282.170507
282Nh,282.17577
283Ds,283.169437
283Rg,283.171101
283Cn,283.173202
283Nh,283.176666
284Ds,284.171187
284Rg,284.173882
284Cn,284.17436
284Nh,284.178843
284Fl,284.181192
285Rg,285.175771
285Cn,285.177227
285Nh,285.180106
285Fl,285.183503
286Rg,286.178756
286Cn,286.178691
286Nh,286.182456
286Fl,286.184226
287Cn,287.181826
287Nh,287.184064
287Fl,287.18672
287Mc,287.19082
288Cn,288.183501
288Nh,288.186764
288Fl,288.187781
288Mc,288.192879
289Nh,289.188461
289Fl,289.190517
289Mc,289.193971
289Lv,289.198023
290Nh,290.191429
290Fl,290.191875
290Mc,290.196235
290Lv,290.198635
291Fl,291.194848
291Mc,291.197725
291Lv,291.201014
291Ts,291.205748
292Mc,292.200323
292Lv,292.201969
292Ts,292.207861
293Lv,293.204583
293Ts,293.208727
293Og,293.213423
294Ts,294.21084
294Og,294.213979
295Og,295.216178